{"cameraMode":{"drawMode":0,"name":"Shaded","section":"Shading Mode"},"sceneLighting":true,"audioPlay":false,"sceneViewState":{"showFog":true,"showMaterialUpdate":false,"showSkybox":true,"showFlares":true,"showImageEffects":true,"showParticleSystems":true},"in2DMode":false,"pivot":{"x":1.2857952117919922,"y":1.28120756149292,"z":42.43242645263672},"rotation":{"x":0.10481122881174088,"y":0.010440604761242867,"z":-0.001099605462513864,"w":0.9944367408752441},"size":247.22491455078126,"orthographic":false}