{"cameraMode":{"drawMode":0,"name":"Shaded","section":"Shading Mode"},"sceneLighting":true,"audioPlay":false,"sceneViewState":{"showFog":true,"showMaterialUpdate":false,"showSkybox":true,"showFlares":true,"showImageEffects":true,"showParticleSystems":true},"in2DMode":false,"pivot":{"x":0.5182268619537354,"y":3.233811855316162,"z":-0.6194553375244141},"rotation":{"x":-0.01759992353618145,"y":0.9805637001991272,"z":-0.16510233283042909,"w":-0.10452902317047119},"size":9.550000190734864,"orthographic":false}